139,71,93,101,0.297029703,57,-19.0525588833,1.8933765286,93.84,Dark,warm,Magenta,Ash browny,8B475D,PaleVioletRed4,
240,248,255,247.6666666667,0.0309555855,-11.5,-6.0621778265,-2.055924075,246.406,Light,cold,Blue,Alice,F0F8FF,AliceBlue,
250,235,215,233.3333333333,0.0785714286,25,17.3205080757,0.964905208,237.205,Light,warm,White,Antique,FAEBD7,AntiqueWhite,
255,239,219,237.6666666667,0.0785413745,26,17.3205080757,0.9831353019,241.504,Light,warm,White,Antique,FFEFDB,AntiqueWhite1,
238,223,204,221.6666666667,0.0796992481,24.5,16.4544826719,0.9793781595,225.319,Light,warm,White,Antique,EEDFCC,AntiqueWhite2,
255,228,196,226.3333333333,0.1340206186,43,27.7128129211,0.99830855,232.425,Light,warm,White,Antique,FFE4C4,bisque,
238,213,183,211.3333333333,0.1340694006,40,25.9807621135,0.9947592804,217.055,Light,warm,White,Antique,EED5B7,bisque2,
2,157,116,91.6666666667,0.9781818182,-134.5,35.5070415552,-1.3126918721,105.981,Medium,cold,Blue,Aquamarine,029D74,Free Speech Aquamarine,
69,139,116,108,0.3611111111,-58.5,19.918584287,-1.2426198965,115.448,Medium,cold,Green,Aquamarine,458B74,aquamarine4,
102,205,170,159,0.358490566,-85.5,30.3108891325,-1.2301064015,170.213,Light,cold,Green,Aquamarine,66CDAA,"aquamarine3, MediumAquamarine",
112,219,147,159.3333333333,0.2970711297,-71,62.3538290725,-0.8501438555,178.799,Light,cold,Green,Aquamarine,70DB93,Aquamarine,
118,238,198,184.6666666667,0.3610108303,-100,34.6410161514,-1.2373231545,197.56,Light,cold,Green,Aquamarine,76EEC6,aquamarine2,
127,255,212,198,0.3585858586,-106.5,37.2390923627,-1.234421905,211.826,Light,cold,Green,Aquamarine,7FFFD4,aquamarine,
131,139,139,136.3333333333,0.0391198044,-8,0,-1.5707963268,136.608,Medium,cold,Blue,Azure,838B8B,azure4,
193,205,205,201,0.039800995,-12,0,-1.5707963268,201.412,Light,cold,Blue,Azure,C1CDCD,azure3,
224,238,238,233.3333333333,0.04,-14,0,-1.5707963268,233.814,Light,cold,Blue,Azure,E0EEEE,azure2,
240,255,255,250,0.04,-15,0,-1.5707963268,250.515,Light,cold,Blue,Azure,F0FFFF,azure,
255,235,205,231.6666666667,0.1151079137,35,25.9807621135,0.9322366307,237.56,Light,warm,White,Antique,FFEBCD,BlanchedAlmond,
238,232,205,225,0.0888888889,19.5,23.3826859022,0.6951023296,230.716,Light,warm,White,Antique,EEE8CD,cornsilk2,
205,192,176,191,0.0785340314,21,13.8564064606,0.9875425274,194.063,Light,warm,White,Ash Bisque,CDC0B0,AntiqueWhite3,
205,183,158,182,0.1318681319,34.5,21.6506350946,1.0103620755,186.728,Light,warm,White,Ash Bisque,CDB79E,bisque3,
0,0,0,0,-1,0,0,0,0,Dark,neutral,Grey,Black,0,grey0,
3,3,3,3,0,0,0,0,3,Dark,neutral,Grey,Black,30303,grey1,
5,5,5,5,0,0,0,0,5,Dark,neutral,Grey,Black,50505,grey2,
10,10,10,10,0,0,0,0,10,Dark,neutral,Grey,Black,0A0A0A,grey4,
13,13,13,13,0,0,0,0,13,Dark,neutral,Grey,Black,0D0D0D,grey5,
15,15,15,15,0,0,0,0,15,Dark,neutral,Grey,Black,0F0F0F,grey6,
18,18,18,18,0,0,0,0,18,Dark,neutral,Grey,Black,121212,grey7,
20,20,20,20,0,0,0,0,20,Dark,neutral,Grey,Black,141414,grey8,
23,23,23,23,0,0,0,0,23,Dark,neutral,Grey,Black,171717,grey9,
26,26,26,26,0,0,0,0,26,Dark,neutral,Grey,Black,1A1A1A,grey10,
74,74,74,74,0,0,0,0,74,Dark,neutral,Grey,Black,4A4A4A,grey29,
205,205,205,205,0,0,0,0,205,Light,neutral,Grey,Grey,CDCDCD,Grey.80.5,
0,0,139,46.3333333333,1,-69.5,-120.377531126,-2.617993878,15.846,Dark,cold,Blue,Blue,00008B,blue4,
0,0,205,68.3333333333,1,-102.5,-177.5352077758,-2.617993878,23.37,Dark,cold,Blue,Blue,0000CD,MediumBlue,
0,0,238,79.3333333333,1,-119,-206.1140461007,-2.617993878,27.132,Dark,cold,Blue,Blue,0000EE,blue2,
0,0,255,85,1,-127.5,-220.836477965,-2.617993878,29.07,Dark,cold,Blue,Blue,0000FF,blue,
104,131,139,124.6666666667,0.1657754011,-31,-6.9282032303,-1.790673472,123.839,Medium,cold,Blue,Blue,68838B,LightBlue4,
154,192,205,183.6666666667,0.1615245009,-44.5,-11.2583302492,-1.818592935,182.12,Light,cold,Blue,Blue,9AC0CD,LightBlue3,
173,216,230,206.3333333333,0.1615508885,-50,-12.124355653,-1.8086916342,204.739,Light,cold,Blue,Blue,ADD8E6,LightBlue,
178,223,238,213,0.1643192488,-52.5,-12.9903810568,-1.8133602009,211.255,Light,cold,Blue,Blue,B2DFEE,LightBlue2,
191,239,255,228.3333333333,0.1635036496,-56,-13.8564064606,-1.8133602009,226.472,Light,cold,Blue,Blue,BFEFFF,LightBlue1,
83,134,139,118.6666666667,0.3005617978,-53.5,-4.3301270189,-1.6515572382,119.321,Medium,cold,Blue,Cadet,53868B,CadetBlue4,
95,158,160,137.6666666667,0.3099273608,-64,-1.7320508076,-1.5978530163,139.391,Medium,cold,Blue,Cadet,5F9EA0,CadetBlue,
95,159,159,137.6666666667,0.3099273608,-64,0,-1.5707963268,139.864,Medium,cold,Blue,Cadet,5F9F9F,Cadet Blue,
122,197,205,174.6666666667,0.3015267176,-79,-6.9282032303,-1.6582713011,175.487,Light,cold,Blue,Cadet,7AC5CD,CadetBlue3,
142,229,238,203,0.3004926108,-91.5,-7.7942286341,-1.6557740137,204.013,Light,cold,Blue,Cadet,8EE5EE,CadetBlue2,
152,245,255,217.3333333333,0.3006134969,-98,-8.6602540378,-1.6589373036,218.333,Light,cold,Blue,Cadet,98F5FF,CadetBlue1,
69,139,0,69.3333333333,1,-0.5,120.377531126,-0.0041535752,102.224,Medium,warm,Green,chartreuse,458B00,chartreuse4,
102,205,0,102.3333333333,1,-0.5,177.5352077758,-0.0028163353,150.833,Medium,warm,Green,chartreuse,66CD00,chartreuse3,
118,238,0,118.6666666667,1,-1,206.1140461007,-0.0048516449,174.988,Light,warm,Green,chartreuse,76EE00,chartreuse2,
92,51,23,55.3333333333,0.5843373494,55,24.248711306,1.1555476871,60.067,Dark,warm,Brown,Chocolate,5C3317,baker's chocolate,
92,64,51,69,0.2608695652,34.5,11.2583302492,1.2553633931,70.89,Dark,warm,Brown,Chocolate,5C4033,Very Dark Brown,
107,66,38,70.3333333333,0.4597156398,55,24.248711306,1.1555476871,75.067,Dark,warm,Brown,Chocolate,6B4226,Semi-Sweet Chocolate,
74,118,110,100.6666666667,0.2649006623,-40,6.9282032303,-1.3992927728,103.932,Medium,cold,Green,Cooper,4A766E,dark green copper,
66,66,111,81,0.1851851852,-22.5,-38.9711431703,-2.617993878,71.13,Dark,cold,Blue,Corn Flower,42426F,Corn Flower Blue,
100,149,237,162,0.3827160494,-93,-76.210235533,-2.2572939322,144.381,Medium,cold,Blue,Corn Flower,6495ED,CornflowerBlue,
0,139,139,92.6666666667,1,-139,0,-1.5707963268,97.439,Medium,cold,Blue,Cyan,008B8B,cyan4,
122,139,139,133.3333333333,0.085,-17,0,-1.5707963268,133.917,Medium,cold,Blue,Cyan,7A8B8B,LightCyan4,
0,205,205,136.6666666667,1,-205,0,-1.5707963268,143.705,Medium,cold,Blue,Cyan,00CDCD,cyan3,
0,238,238,158.6666666667,1,-238,0,-1.5707963268,166.838,Light,cold,Blue,Cyan,00EEEE,cyan2,
0,255,255,170,1,-255,0,-1.5707963268,178.755,Light,cold,Blue,Cyan,00FFFF,cyan,
180,205,205,196.6666666667,0.0847457627,-25,0,-1.5707963268,197.525,Light,cold,Blue,Cyan,B4CDCD,LightCyan3,
209,238,238,228.3333333333,0.0846715328,-29,0,-1.5707963268,229.329,Light,cold,Blue,Cyan,D1EEEE,LightCyan2,
224,255,255,244.6666666667,0.0844686649,-31,0,-1.5707963268,245.731,Light,cold,Blue,Cyan,E0FFFF,LightCyan,
0,100,0,33.3333333333,1,-50,86.6025403784,-0.5235987756,58.7,Dark,neutral,Green,Dark Green,6400,DarkGreen,
47,79,47,57.6666666667,0.1849710983,-16,27.7128129211,-0.5235987756,65.784,Dark,neutral,Green,Dark Green,2F4F2F,Dark Green,
0,104,139,81,1,-121.5,-30.3108891325,-1.8152783057,76.894,Dark,cold,Blue,Deep Sky,00688B,DeepSkyBlue4,
0,154,205,119.6666666667,1,-179.5,-44.167295593,-1.8120608387,113.768,Medium,cold,Blue,Deep Sky,009ACD,DeepSkyBlue3,
0,178,238,138.6666666667,1,-208,-51.9615242271,-1.8156008838,131.618,Medium,cold,Blue,Deep Sky,00B2EE,DeepSkyBlue2,
0,191,255,148.6666666667,1,-223,-55.4256258422,-1.8144054937,141.187,Medium,cold,Blue,Deep Sky,00BFFF,DeepSkyBlue,
16,78,139,77.6666666667,0.7939914163,-92.5,-52.8275496309,-2.0897012322,66.416,Dark,cold,Blue,Dodger,104E8B,DodgerBlue4,
24,116,205,115,0.7913043478,-136.5,-77.0762609368,-2.084826053,98.638,Medium,cold,Blue,Dodger,1874CD,DodgerBlue3,
28,134,238,133.3333333333,0.79,-158,-90.0666419936,-2.0888965838,114.162,Medium,cold,Blue,Dodger,1C86EE,DodgerBlue2,
30,144,255,143,0.7902097902,-169.5,-96.1288198201,-2.0866972509,122.568,Medium,cold,Blue,Dodger,1E90FF,DodgerBlue,
0,128,0,42.6666666667,1,-64,110.8512516844,-0.5235987756,75.136,Dark,neutral,Green,Forest,8000,green,
34,139,34,69,0.5072463768,-52.5,90.9326673974,-0.5235987756,95.635,Dark,neutral,Green,Forest,228B22,ForestGreen,
35,142,35,70.6666666667,0.5047169811,-53.5,92.6647182049,-0.5235987756,97.809,Medium,neutral,Green,Forest,2.38E+25,"Forest Green, Khaki, Medium Aquamarine",
219,219,112,183.3333333333,0.3890909091,53.5,92.6647182049,0.5235987756,206.802,Light,warm,Green,Forest,DBDB70,Medium Forest Green,
0,238,0,79.3333333333,1,-119,206.1140461007,-0.5235987756,139.706,Medium,neutral,Green,green2,00EE00,green2,
0,205,0,68.3333333333,1,-102.5,177.5352077758,-0.5235987756,120.335,Medium,neutral,Green,green3,00CD00,green3,
0,139,0,46.3333333333,1,-69.5,120.377531126,-0.5235987756,81.593,Dark,neutral,Green,green4,008B00,green4,
28,28,28,28,0,0,0,0,28,Dark,neutral,Grey,Black,1C1C1C,grey11,
31,31,31,31,0,0,0,0,31,Dark,neutral,Grey,Dark Grey,1F1F1F,grey12,
33,33,33,33,0,0,0,0,33,Dark,neutral,Grey,Dark Grey,212121,grey13,
34,34,34,34,0,0,0,0,34,Dark,neutral,Grey,Dark Grey,222222,grey13.5,
36,36,36,36,0,0,0,0,36,Dark,neutral,Grey,Dark Grey,242424,grey14,
38,38,38,38,0,0,0,0,38,Dark,neutral,Grey,Dark Grey,262626,grey15,
41,41,41,41,0,0,0,0,41,Dark,neutral,Grey,Dark Grey,292929,grey16,
43,43,43,43,0,0,0,0,43,Dark,neutral,Grey,Dark Grey,2B2B2B,grey17,
46,46,46,46,0,0,0,0,46,Dark,neutral,Grey,Dark Grey,2E2E2E,grey18,
48,48,48,48,0,0,0,0,48,Dark,neutral,Grey,Dark Grey,303030,grey19,
51,51,51,51,0,0,0,0,51,Dark,neutral,Grey,Dark Grey,333333,grey20,
54,54,54,54,0,0,0,0,54,Dark,neutral,Grey,Dark Grey,363636,grey21,
56,56,56,56,0,0,0,0,56,Dark,neutral,Grey,Dark Grey,383838,grey22,
59,59,59,59,0,0,0,0,59,Dark,neutral,Grey,Dark Grey,3B3B3B,grey23,
61,61,61,61,0,0,0,0,61,Dark,neutral,Grey,Grey,3D3D3D,grey24,
64,64,64,64,0,0,0,0,64,Dark,neutral,Grey,Grey,404040,grey25,
66,66,66,66,0,0,0,0,66,Dark,neutral,Grey,Grey,424242,grey26,
69,69,69,69,0,0,0,0,69,Dark,neutral,Grey,Grey,454545,grey27,
71,71,71,71,0,0,0,0,71,Dark,neutral,Grey,Grey,474747,grey28,
8,8,8,8,0,0,0,0,8,Dark,neutral,Grey,Black,80808,grey3,
77,77,77,77,0,0,0,0,77,Dark,neutral,Grey,Grey,4D4D4D,grey30,
79,79,79,79,0,0,0,0,79,Dark,neutral,Grey,Grey,4F4F4F,grey31,
82,82,82,82,0,0,0,0,82,Dark,neutral,Grey,Grey,525252,grey32,
84,84,84,84,0,0,0,0,84,Dark,neutral,Grey,Grey,545454,grey33,
85,85,85,85,0,0,0,0,85,Dark,neutral,Grey,Grey,555555,grey33.5,
87,87,87,87,0,0,0,0,87,Dark,neutral,Grey,Grey,575757,grey34,
89,89,89,89,0,0,0,0,89,Dark,neutral,Grey,Grey,595959,grey35,
92,92,92,92,0,0,0,0,92,Dark,neutral,Grey,Grey,5C5C5C,grey36,
94,94,94,94,0,0,0,0,94,Dark,neutral,Grey,Grey,5E5E5E,grey37,
97,97,97,97,0,0,0,0,97,Dark,neutral,Grey,Grey,616161,grey38,
99,99,99,99,0,0,0,0,99,Medium,neutral,Grey,Grey,636363,grey39,
102,102,102,102,0,0,0,0,102,Medium,neutral,Grey,Grey,666666,grey40,
105,105,105,105,0,0,0,0,105,Medium,neutral,Grey,Grey,696969,grey41,
107,107,107,107,0,0,0,0,107,Medium,neutral,Grey,Grey,6B6B6B,grey42,
110,110,110,110,0,0,0,0,110,Medium,neutral,Grey,Grey,6E6E6E,grey43,
112,112,112,112,0,0,0,0,112,Medium,neutral,Grey,Grey,707070,grey44,
115,115,115,115,0,0,0,0,115,Medium,neutral,Grey,Grey,737373,grey45,
117,117,117,117,0,0,0,0,117,Medium,neutral,Grey,Grey,757575,grey46,
119,119,119,119,0,0,0,0,119,Medium,neutral,Grey,Grey,777777,grey46.5,
120,120,120,120,0,0,0,0,120,Medium,neutral,Grey,Grey,787878,grey47,
122,122,122,122,0,0,0,0,122,Medium,neutral,Grey,Grey,7A7A7A,grey48,
125,125,125,125,0,0,0,0,125,Medium,neutral,Grey,Grey,7D7D7D,grey49,
127,127,127,127,0,0,0,0,127,Medium,neutral,Grey,Light Grey,7F7F7F,grey50,
130,130,130,130,0,0,0,0,130,Medium,neutral,Grey,Light Grey,828282,grey51,
133,133,133,133,0,0,0,0,133,Medium,neutral,Grey,Light Grey,858585,grey52,
135,135,135,135,0,0,0,0,135,Medium,neutral,Grey,Light Grey,878787,grey53,
136,136,136,136,0,0,0,0,136,Medium,neutral,Grey,Light Grey,888888,grey53.5,
138,138,138,138,0,0,0,0,138,Medium,neutral,Grey,Light Grey,8A8A8A,grey54,
140,140,140,140,0,0,0,0,140,Medium,neutral,Grey,Light Grey,8C8C8C,grey55,
143,143,143,143,0,0,0,0,143,Medium,neutral,Grey,Light Grey,8F8F8F,grey56,
145,145,145,145,0,0,0,0,145,Medium,neutral,Grey,Light Grey,919191,grey57,
148,148,148,148,0,0,0,0,148,Medium,neutral,Grey,Light Grey,949494,grey58,
150,150,150,150,0,0,0,0,150,Medium,neutral,Grey,Light Grey,969696,grey59,
153,153,153,153,0,0,0,0,153,Light,neutral,Grey,Light Grey,999999,grey60,
156,156,156,156,0,0,0,0,156,Light,neutral,Grey,Light Grey,9C9C9C,grey61,
158,158,158,158,0,0,0,0,158,Light,neutral,Grey,Light Grey,9E9E9E,grey62,
161,161,161,161,0,0,0,0,161,Light,neutral,Grey,Light Grey,A1A1A1,grey63,
163,163,163,163,0,0,0,0,163,Light,neutral,Grey,Light Grey,A3A3A3,grey64,
166,166,166,166,0,0,0,0,166,Light,neutral,Grey,Light Grey,A6A6A6,grey65,
168,168,168,168,0,0,0,0,168,Light,neutral,Grey,Light Grey,A8A8A8,grey66,
171,171,171,171,0,0,0,0,171,Light,neutral,Grey,Light Grey,ABABAB,grey67,
173,173,173,173,0,0,0,0,173,Light,neutral,Grey,Light Grey,ADADAD,grey68,
176,176,176,176,0,0,0,0,176,Light,neutral,Grey,Light Grey,B0B0B0,grey69,
179,179,179,179,0,0,0,0,179,Light,neutral,Grey,Light Grey,B3B3B3,grey70,
181,181,181,181,0,0,0,0,181,Light,neutral,Grey,Light Grey,B5B5B5,grey71,
184,184,184,184,0,0,0,0,184,Light,neutral,Grey,Light Grey,B8B8B8,grey72,
186,186,186,186,0,0,0,0,186,Light,neutral,Grey,Light Grey,BABABA,grey73,
187,187,187,187,0,0,0,0,187,Light,neutral,Grey,Light Grey,BBBBBB,grey73.5,
189,189,189,189,0,0,0,0,189,Light,neutral,Grey,Light Grey,BDBDBD,grey74,
190,190,190,190,0,0,0,0,190,Light,neutral,Grey,Light Grey,BEBEBE,grey74.5,
191,191,191,191,0,0,0,0,191,Light,neutral,Grey,Light Grey,BFBFBF,grey75,
192,192,192,192,0,0,0,0,192,Light,neutral,Grey,Light Grey,C0C0C0,Grey75.5,
194,194,194,194,0,0,0,0,194,Light,neutral,Grey,Light Grey,C2C2C2,grey76,
196,196,196,196,0,0,0,0,196,Light,neutral,Grey,Light Grey,C4C4C4,grey77,
199,199,199,199,0,0,0,0,199,Light,neutral,Grey,Light Grey,C7C7C7,grey78,
201,201,201,201,0,0,0,0,201,Light,neutral,Grey,Light Grey,C9C9C9,grey79,
204,204,204,204,0,0,0,0,204,Light,neutral,Grey,Light Grey,CCCCCC,grey80,
207,207,207,207,0,0,0,0,207,Light,neutral,Grey,Light Grey,CFCFCF,grey81,
209,209,209,209,0,0,0,0,209,Light,neutral,Grey,Light Grey,D1D1D1,grey82,
211,211,211,211,0,0,0,0,211,Light,neutral,Grey,Light Grey,D3D3D3,grey82.5,
212,212,212,212,0,0,0,0,212,Light,neutral,Grey,Light Grey,D4D4D4,grey83,
214,214,214,214,0,0,0,0,214,Light,neutral,Grey,Light Grey,D6D6D6,grey84,
217,217,217,217,0,0,0,0,217,Light,neutral,Grey,Light Grey,D9D9D9,grey85,
219,219,219,219,0,0,0,0,219,Light,neutral,Grey,Light Grey,DBDBDB,grey86,
220,220,220,220,0,0,0,0,220,Light,neutral,Grey,Light Grey,DCDCDC,grey86.1,
221,221,221,221,0,0,0,0,221,Light,neutral,Grey,Light Grey,DDDDDD,grey86.2,
222,222,222,222,0,0,0,0,222,Light,neutral,Grey,Light Grey,DEDEDE,grey87,
224,224,224,224,0,0,0,0,224,Light,neutral,Grey,Light Grey,E0E0E0,grey88,
227,227,227,227,0,0,0,0,227,Light,neutral,Grey,Light Grey,E3E3E3,grey89,
229,229,229,229,0,0,0,0,229,Light,neutral,Grey,Light Grey,E5E5E5,grey90,
232,232,232,232,0,0,0,0,232,Light,neutral,Grey,Light Grey,E8E8E8,grey91,
235,235,235,235,0,0,0,0,235,Light,neutral,Grey,Light Grey,EBEBEB,grey92,
237,237,237,237,0,0,0,0,237,Light,neutral,Grey,Light Grey,EDEDED,grey93,
238,238,238,238,0,0,0,0,238,Light,neutral,Grey,Light Grey,EEEEEE,grey93.5,
240,240,240,240,0,0,0,0,240,Light,neutral,Grey,Light Grey,F0F0F0,grey94,
242,242,242,242,0,0,0,0,242,Light,neutral,Grey,Light Grey,F2F2F2,grey95,
245,245,245,245,0,0,0,0,245,Light,neutral,Grey,White,F5F5F5,grey96,
247,247,247,247,0,0,0,0,247,Light,neutral,Grey,White,F7F7F7,grey97,
250,250,250,250,0,0,0,0,250,Light,neutral,Grey,White,FAFAFA,grey98,
252,252,252,252,0,0,0,0,252,Light,neutral,Grey,White,FCFCFC,grey99,
131,139,131,133.6666666667,0.0199501247,-4,6.9282032303,-0.5235987756,135.696,Medium,neutral,Blue,honeydew,838B83,honeydew4,
193,205,193,197,0.0203045685,-6,10.3923048454,-0.5235987756,200.044,Light,neutral,Blue,honeydew,C1CDC1,honeydew3,
224,238,224,228.6666666667,0.0204081633,-7,12.124355653,-0.5235987756,232.218,Light,neutral,Blue,honeydew,E0EEE0,honeydew2,
240,255,240,245,0.0204081633,-7.5,12.9903810568,-0.5235987756,248.805,Light,neutral,Blue,honeydew,F0FFF0,honeydew,
3,180,200,127.6666666667,0.9765013055,-187,-17.3205080757,-1.6631558479,129.357,Medium,cold,Blue,Iris,03B4C8,Iris Blue,
3,180,204,129,0.976744186,-189,-20.7846096908,-1.6803276743,129.813,Medium,cold,Blue,Iris,03B4CC,True Iris Blue,
139,134,78,117,0.3333333333,33,48.4974226119,0.5974833033,129.111,Medium,warm,Green,Khaki,8B864E,khaki4,
189,183,107,159.6666666667,0.3298538622,44,65.8179306876,0.5892782511,176.13,Light,warm,Green,Khaki,BDB76B,DarkKhaki,
205,198,115,172.6666666667,0.333976834,48.5,71.8801085141,0.5935673528,190.631,Light,warm,Green,Khaki,CDC673,khaki3,
124,252,0,125.3333333333,1,-2,218.2384017537,-0.0091640334,185,Light,warm,Green,Lawn,7CFC00,LawnGreen,
50,205,50,101.6666666667,0.5081967213,-77.5,134.2339375866,-0.5235987756,140.985,Medium,neutral,Green,Lime,32CD32,LimeGreen,
0,255,0,85,1,-127.5,220.836477965,-0.5235987756,149.685,Medium,neutral,Green,Lime,00FF00,green lime,
9,249,17,91.6666666667,0.9018181818,-124,200.917893678,-0.5529471399,150.792,Medium,cold,Green,Lime,09F911,Free Speech Green,
0,0,156,52,1,-78,-135.0999629904,-2.617993878,17.784,Dark,cold,Blue,Midnight,00009C,New Midnight Blue,
25,25,112,54,0.537037037,-43.5,-75.3442101292,-2.617993878,34.918,Dark,cold,Blue,Midnight,191970,MidnightBlue,
47,47,79,57.6666666667,0.1849710983,-16,-27.7128129211,-2.617993878,50.648,Dark,cold,Blue,Midnight,2F2F4F,Midnight Blue,
139,121,94,118,0.2033898305,31.5,23.3826859022,0.9322366307,123.304,Medium,warm,Brown,Navajo White,8B795E,NavajoWhite4,
205,179,139,174.3333333333,0.2026768642,46,34.6410161514,0.9253361394,182.214,Light,warm,Brown,Navajo White,CDB38B,NavajoWhite3,
238,207,161,202,0.202970297,54,39.8371685741,0.9351973927,211.025,Light,warm,Brown,Navajo White,EECFA1,NavajoWhite2,
255,222,173,216.6666666667,0.2015384615,57.5,42.4352447854,0.9350168014,226.281,Light,warm,Brown,Navajo White,FFDEAD,Navajo White,
255,228,181,221.3333333333,0.1822289157,50.5,40.7031939779,0.8924052124,230.715,Light,warm,Brown,Navajo White,FFE4B5,moccasin,
0,0,128,42.6666666667,1,-64,-110.8512516844,-2.617993878,14.592,Dark,cold,Blue,Navy,80,Navy Blue,
35,35,142,70.6666666667,0.5047169811,-53.5,-92.6647182049,-2.617993878,47.198,Dark,cold,Blue,Navy,23238E,Navy Blue,
77,77,255,136.3333333333,0.435207824,-89,-154.1525218736,-2.617993878,97.292,Dark,cold,Blue,Neon,4D4DFF,Neon Blue,
79,79,47,68.3333333333,0.312195122,16,27.7128129211,0.5235987756,75.352,Dark,warm,Green,Olive,4F4F2F,Dark Olive Green,
85,107,47,79.6666666667,0.410041841,8,51.9615242271,0.1527606105,93.582,Dark,warm,Green,Olive,556B2F,DarkOliveGreen,
128,128,0,85.3333333333,1,64,110.8512516844,0.5235987756,113.408,Medium,warm,Green,Olive,808000,olive,
105,139,34,92.6666666667,0.6330935252,18.5,90.9326673974,0.2007080035,116.864,Medium,warm,Green,Olive,698B22,OliveDrab4,
107,142,35,94.6666666667,0.6302816901,18.5,92.6647182049,0.1970536957,119.337,Medium,warm,Green,Olive,6B8E23,OliveDrab,
110,139,61,103.3333333333,0.4096774194,10,67.5499814952,0.1469710903,121.437,Medium,warm,Green,Olive,6E8B3D,DarkOliveGreen4,
162,205,90,152.3333333333,0.409190372,14.5,99.5929214352,0.1445768449,179.033,Light,warm,Green,Olive,A2CD5A,DarkOliveGreen3,
179,238,58,158.3333333333,0.6336842105,31,155.8845726812,0.1963040651,199.839,Light,warm,Green,Olive,B3EE3A,OliveDrab2,
188,238,104,176.6666666667,0.4113207547,17,116.0474041071,0.1454572501,207.774,Light,warm,Green,Olive,BCEE68,DarkOliveGreen2,
192,255,62,169.6666666667,0.6345776031,33.5,167.1429029304,0.1978063871,214.161,Light,warm,Green,Olive,C0FF3E,OliveDrab1,
202,255,112,189.6666666667,0.4094903339,18.5,123.8416327412,0.1482877763,222.851,Light,warm,Green,Olive,CAFF70,DarkOliveGreen1,
84,139,84,102.3333333333,0.1791530945,-27.5,47.6313972081,-0.5235987756,116.285,Medium,neutral,Green,Pale,548B54,PaleGreen4,
143,188,143,158,0.0949367089,-22.5,38.9711431703,-0.5235987756,169.415,Light,neutral,Green,Pale,8FBC8F,Pale Green,
124,205,124,151,0.178807947,-40.5,70.1480577065,-0.5235987756,171.547,Light,neutral,Green,Pale,7CCD7C,PaleGreen3,
144,238,144,175.3333333333,0.1787072243,-47,81.4063879557,-0.5235987756,199.178,Light,neutral,Green,Pale,90EE90,PaleGreen2,
152,251,152,185,0.1783783784,-49.5,85.7365149747,-0.5235987756,210.113,Light,neutral,Green,Pale,98FB98,PaleGreen,
154,255,154,187.6666666667,0.1793960924,-50.5,87.4685657822,-0.5235987756,213.287,Light,neutral,Green,Pale,9AFF9A,PaleGreen1,
139,119,101,119.6666666667,0.1559888579,29,15.5884572681,1.07757506,122.928,Medium,warm,Brown,Peach Puff,8B7765,PeachPuff4,
205,175,149,176.3333333333,0.1550094518,43,22.5166604984,1.0884135017,181.006,Light,warm,Brown,Peach Puff,CDAF95,PeachPuff3,
238,203,173,204.6666666667,0.154723127,50,25.9807621135,1.091579946,210.045,Light,warm,Brown,Peach Puff,EECBAD,PeachPuff2,
255,218,185,219.3333333333,0.1565349544,53.5,28.5788383249,1.0801770333,225.301,Light,warm,Brown,Peach Puff,FFDAB9,Peach Puff,
255,239,213,235.6666666667,0.0961810467,29,22.5166604984,0.9105893776,240.82,Light,warm,Brown,Peach Puff,FFEFD5,PapayaWhip,
253,245,230,242.6666666667,0.0521978022,15.5,12.9903810568,0.8732579249,245.682,Light,warm,Brown,Peach Puff,FDF5E6,OldLace,
139,95,101,111.6666666667,0.1492537313,41,-5.1961524227,1.6968596809,108.84,Medium,warm,Brown,Pink,8B5F65,LightPink4,
176,224,230,210,0.1619047619,-51,-5.1961524227,-1.6723313036,210.332,Light,cold,Blue,Powder,B0E0E6,PowderBlue,
217,217,243,225.6666666667,0.0384047267,-13,-22.5166604984,-2.617993878,219.964,Light,cold,Blue,Quartz,D9D9F3,Quartz,
0,34,102,45.3333333333,1,-68,-58.8897274573,-2.2845207057,31.586,Dark,cold,Blue,Royal,2266,RoyalBlue5,
39,64,139,80.6666666667,0.5165289256,-62.5,-64.9519052838,-2.3754300039,65.075,Dark,cold,Blue,Royal,27408B,RoyalBlue4,
58,95,205,119.3333333333,0.5139664804,-92,-95.2627944163,-2.3736163401,96.477,Dark,cold,Blue,Royal,3A5FCD,RoyalBlue3,
65,105,225,131.6666666667,0.5063291139,-100,-103.9230484541,-2.3754300039,106.72,Medium,cold,Blue,Royal,4169E1,RoyalBlue,
67,110,238,138.3333333333,0.5156626506,-107,-110.8512516844,-2.3738710035,111.735,Medium,cold,Blue,Royal,436EEE,RoyalBlue2,
72,118,255,148.3333333333,0.5146067416,-114.5,-118.6454803185,-2.3739732759,119.864,Medium,cold,Blue,Royal,4876FF,RoyalBlue1,
111,66,66,81,0.1851851852,45,0,1.5707963268,79.455,Dark,warm,Brown,Salmon,6F4242,Salmon,
139,76,57,90.6666666667,0.3713235294,72.5,16.4544826719,1.3476186522,92.671,Dark,warm,Brown,Salmon,8B4C39,salmon4,
139,87,66,97.3333333333,0.3219178082,62.5,18.1865334795,1.2876309847,100.154,Medium,warm,Brown,Salmon,8B5742,LightSalmon4,
205,112,84,133.6666666667,0.3715710723,107,24.248711306,1.3479371805,136.615,Medium,warm,Brown,Salmon,CD7054,salmon3,
205,129,98,144,0.3194444444,91.5,26.8467875173,1.2853986046,148.19,Medium,warm,Brown,Salmon,CD8162,LightSalmon3,
238,130,98,155.3333333333,0.3690987124,124,27.7128129211,1.3509191816,158.644,Light,warm,Brown,Salmon,EE8262,salmon2,
250,128,114,164,0.3048780488,129,12.124355653,1.4770843648,162.882,Light,warm,Brown,Salmon,FA8072,salmon,
255,140,105,166.6666666667,0.37,132.5,30.3108891325,1.3459046006,170.395,Light,warm,Brown,Salmon,FF8C69,salmon1,
238,149,114,167,0.3173652695,106.5,30.3108891325,1.2935185677,171.621,Light,warm,Brown,Salmon,EE9572,LightSalmon2,
255,160,122,179,0.3184357542,114,32.9089653438,1.2897614253,184.073,Light,warm,Brown,Salmon,FFA07A,LightSalmon,
66,111,66,81,0.1851851852,-22.5,38.9711431703,-0.5235987756,92.415,Dark,neutral,Green,Sea,426F42,Medium Sea Green,
46,139,87,90.6666666667,0.4926470588,-67,45.0333209968,-0.9790146651,105.265,Medium,cold,Green,Sea,2E8B57,SeaGreen4,
35,142,104,93.6666666667,0.6263345196,-88,32.9089653438,-1.2129329104,105.675,Medium,cold,Green,Sea,2.38E+70,Sea Green,
105,139,105,116.3333333333,0.0974212034,-17,29.4448637287,-0.5235987756,124.958,Medium,neutral,Green,Sea,698B69,DarkSeaGreen4,
32,178,170,126.6666666667,0.7473684211,-142,6.9282032303,-1.5220448227,133.434,Medium,cold,Green,Sea,20B2AA,LightSeaGreen,
60,179,113,117.3333333333,0.4886363636,-86,57.1576766498,-0.9842091086,135.895,Medium,cold,Green,Sea,3CB371,MediumSeaGreen,
67,205,128,133.3333333333,0.4975,-99.5,66.6839560914,-0.9803581031,154.96,Light,cold,Green,Sea,43CD80,SeaGreen3,
78,238,148,154.6666666667,0.4956896552,-115,77.9422863406,-0.9751536705,179.9,Light,cold,Green,Sea,4EEE94,SeaGreen2,
155,205,155,171.6666666667,0.0970873786,-25,43.3012701892,-0.5235987756,184.35,Light,neutral,Green,Sea,9BCD9B,DarkSeaGreen3,
84,255,159,166,0.4939759036,-123,83.1384387633,-0.9764133431,192.927,Light,cold,Green,Sea,54FF9F,SeaGreen1,
180,238,180,199.3333333333,0.0969899666,-29,50.2294734195,-0.5235987756,214.046,Light,neutral,Green,Sea,B4EEB4,DarkSeaGreen2,
193,255,193,213.6666666667,0.096723869,-31,53.6935750346,-0.5235987756,229.394,Light,neutral,Green,Sea,C1FFC1,DarkSeaGreen1,
139,134,130,134.3333333333,0.0322580645,7,3.4641016151,1.1112598004,135.039,Medium,warm,Brown,Seashell,8B8682,seashell4,
205,197,191,197.6666666667,0.0337268128,11,5.1961524227,1.1294898944,198.708,Light,warm,Brown,Seashell,CDC5BF,seashell3,
238,229,222,229.6666666667,0.0333817126,12.5,6.0621778265,1.1192414319,230.893,Light,warm,Brown,Seashell,EEE5DE,seashell2,
255,245,238,246,0.0325203252,13.5,6.0621778265,1.148732528,247.192,Light,warm,Brown,Seashell,FFF5EE,Seashell,
139,69,19,75.6666666667,0.7488986784,95,43.3012701892,1.1431272443,84.23,Dark,warm,Brown,Sienna,8B4513,SaddleBrown,
139,71,38,82.6666666667,0.5403225806,84.5,28.5788383249,1.2446622211,87.57,Dark,warm,Brown,Sienna,8B4726,sienna4,
160,82,45,95.6666666667,0.5296167247,96.5,32.04293994,1.2502001439,101.104,Medium,warm,Brown,Sienna,A0522D,sienna,
142,107,35,94.6666666667,0.6302816901,71,62.3538290725,0.8501438555,109.257,Medium,warm,Brown,Sienna,8E6B23,Sienna,
205,104,57,122,0.5327868852,124.5,40.7031939779,1.2548168325,128.841,Medium,warm,Brown,Sienna,CD6839,sienna3,
205,133,63,133.6666666667,0.5286783042,107,60.6217782649,1.0553290659,146.548,Medium,warm,Brown,Sienna,CD853F,peru,
238,121,66,141.6666666667,0.5341176471,144.5,47.6313972081,1.2523833272,149.713,Medium,warm,Brown,Sienna,EE7942,sienna2,
255,130,71,152,0.5328947368,154.5,51.0954988233,1.2514039378,160.649,Light,warm,Brown,Sienna,FF8247,sienna1,
244,164,96,168,0.4285714286,114,58.8897274573,1.0939755856,180.168,Light,warm,Brown,Sienna,F4A460,SandyBrown,
74,112,139,108.3333333333,0.3169230769,-51.5,-23.3826859022,-1.9969988136,103.716,Medium,cold,Blue,Sky,4A708B,SkyBlue4,
50,153,204,135.6666666667,0.6314496314,-128.5,-44.167295593,-1.9018605318,128.017,Medium,cold,Blue,Sky,3299CC,Sky Blue,
51,153,204,136,0.625,-127.5,-44.167295593,-1.904269499,128.316,Medium,cold,Blue,Sky,3399CC,39c,
102,153,204,153,0.3333333333,-76.5,-44.167295593,-2.0943951024,143.565,Medium,cold,Blue,Sky,6699CC,69c,
108,166,205,159.6666666667,0.3235908142,-77.5,-33.7749907476,-1.9817843143,153.104,Light,cold,Blue,Sky,6CA6CD,SkyBlue3,
141,182,205,176,0.1988636364,-52.5,-19.918584287,-1.9334203436,172.363,Light,cold,Blue,Sky,8DB6CD,LightSkyBlue3,
126,192,238,185.3333333333,0.3201438849,-89,-39.8371685741,-1.9916598137,177.51,Light,cold,Blue,Sky,7EC0EE,SkyBlue2,
135,206,235,192,0.296875,-85.5,-25.1147367097,-1.8564997949,188.077,Light,cold,Blue,Sky,87CEEB,SkyBlue,
135,206,250,197,0.3147208122,-93,-38.1051177665,-1.9596644884,189.787,Light,cold,Blue,Sky,87CEFA,LightSkyBlue,
135,206,255,198.6666666667,0.3204697987,-95.5,-42.4352447854,-1.9889402117,190.357,Light,cold,Blue,Sky,87CEFF,SkyBlue1,
153,204,255,204,0.25,-76.5,-44.167295593,-2.0943951024,194.565,Light,cold,Blue,Sky,99CCFF,9cf,
164,211,238,204.3333333333,0.1973898858,-60.5,-23.3826859022,-1.9396027635,200.025,Light,cold,Blue,Sky,A4D3EE,LightSkyBlue2,
176,226,255,219,0.196347032,-64.5,-25.1147367097,-1.9421104608,214.356,Light,cold,Blue,Sky,B0E2FF,LightSkyBlue1,
56,176,222,151.3333333333,0.6299559471,-143,-39.8371685741,-1.8424892627,145.364,Medium,cold,Blue,Smmmer Sky,38B0DE,Summer Sky,
188,143,143,158,0.0949367089,45,0,1.5707963268,156.455,Light,warm,Magenta,Ash browny,BC8F8F,Pink,
0,139,69,69.3333333333,1,-104,60.6217782649,-1.043043976,89.459,Dark,cold,Green,Spring,008B45,SpringGreen4,
0,205,102,102.3333333333,1,-153.5,89.2006165898,-1.0443812159,131.963,Medium,cold,Green,Spring,00CD66,SpringGreen3,
0,238,118,118.6666666667,1,-178,103.9230484541,-1.0423459063,153.158,Light,cold,Green,Spring,00EE76,SpringGreen2,
0,255,127,127.3333333333,1,-191,110.8512516844,-1.0449334364,164.163,Light,cold,Green,Spring,00FF7F,Spring Green,
0,250,154,134.6666666667,1,-202,83.1384387633,-1.1803502756,164.306,Light,cold,Green,Spring,00FA9A,MediumSpringGreen,
127,255,0,127.3333333333,1,-0.5,220.836477965,-0.0022641148,187.658,Light,warm,Green,Spring,7FFF00,Medium Spring Green,
36,24,130,63.3333333333,0.6210526316,-41,-91.7986928012,-2.7215452092,39.672,Dark,cold,Blue,State,241882,Dark Slate Blue,
0,127,255,127.3333333333,1,-191,-110.8512516844,-2.0966592172,103.619,Medium,cold,Blue,State,007FFF,Slate Blue,
47,79,79,68.3333333333,0.312195122,-32,0,-1.5707963268,69.432,Dark,cold,Blue,State Gray,2F4F4F,Dark Slate Grey,
96,123,139,119.3333333333,0.1955307263,-35,-13.8564064606,-1.9477609214,116.751,Medium,cold,Blue,State Gray,607B8B,LightSkyBlue4,
108,123,139,123.3333333333,0.1243243243,-23,-13.8564064606,-2.1130171517,120.339,Medium,cold,Blue,State Gray,6C7B8B,SlateGray4,
82,139,139,120,0.3166666667,-57,0,-1.5707963268,121.957,Medium,cold,Blue,State Gray,528B8B,DarkSlateGray4,
112,128,144,128,0.125,-24,-13.8564064606,-2.0943951024,125.04,Medium,cold,Blue,State Gray,708090,SlateGray,
119,136,153,136,0.125,-25.5,-14.7224318643,-2.0943951024,132.855,Medium,cold,Blue,State Gray,778899,LightSlateGrey,
159,182,205,182,0.1263736264,-34.5,-19.918584287,-2.0943951024,177.745,Light,cold,Blue,State Gray,9FB6CD,SlateGray3,
121,205,205,177,0.3163841808,-84,0,-1.5707963268,179.884,Light,cold,Blue,State Gray,79CDCD,DarkSlateGray3,
185,211,238,211.3333333333,0.1246056782,-39.5,-23.3826859022,-2.1052880728,206.304,Light,cold,Blue,State Gray,B9D3EE,SlateGray2,
141,238,238,205.6666666667,0.3144246353,-97,0,-1.5707963268,208.997,Light,cold,Blue,State Gray,8DEEEE,DarkSlateGray2,
198,226,255,226.3333333333,0.1251840943,-42.5,-25.1147367097,-2.1045237081,220.934,Light,cold,Blue,State Gray,C6E2FF,SlateGray1,
151,255,255,220.3333333333,0.3146747352,-104,0,-1.5707963268,223.904,Light,cold,Blue,State Gray,97FFFF,DarkSlateGray1,
54,100,139,97.6666666667,0.4470989761,-65.5,-33.7749907476,-2.0468843901,90.692,Dark,cold,Blue,Steel,36648B,SteelBlue4,
51,102,153,102,0.5,-76.5,-44.167295593,-2.0943951024,92.565,Dark,cold,Blue,Steel,336699,369,
70,130,180,126.6666666667,0.4473684211,-85,-43.3012701892,-2.0419568316,117.76,Medium,cold,Blue,Steel,4682B4,SteelBlue,
110,123,139,124,0.1129032258,-21,-13.8564064606,-2.1540501262,120.937,Medium,cold,Blue,Steel,6E7B8B,LightSteelBlue4,
79,148,205,144,0.4513888889,-97.5,-49.3634480157,-2.0394646774,133.867,Medium,cold,Blue,Steel,4F94CD,SteelBlue3,
92,172,238,167.3333333333,0.4501992032,-113,-57.1576766498,-2.0390892057,155.604,Light,cold,Blue,Steel,5CACEE,SteelBlue2,
99,184,255,179.3333333333,0.4479553903,-120.5,-61.4878036687,-2.042627909,166.679,Light,cold,Blue,Steel,63B8FF,SteelBlue1,
162,181,205,182.6666666667,0.1131386861,-31,-20.7846096908,-2.1614282705,178.055,Light,cold,Blue,Steel,A2B5CD,LightSteelBlue3,
170,187,204,187,0.0909090909,-25.5,-14.7224318643,-2.0943951024,183.855,Light,cold,Blue,Steel,AABBCC,abc,
176,196,222,198,0.1111111111,-33,-22.5166604984,-2.1695597852,192.984,Light,cold,Blue,Steel,B0C4DE,LightSteelBlue,
188,210,238,212,0.1132075472,-36,-24.248711306,-2.1635666016,206.614,Light,cold,Blue,Steel,BCD2EE,LightSteelBlue2,
202,225,255,227.3333333333,0.1114369501,-38,-25.9807621135,-2.1705016288,221.543,Light,cold,Blue,Steel,CAE1FF,LightSteelBlue1,
139,90,43,90.6666666667,0.5257352941,72.5,40.7031939779,1.0592251018,99.293,Medium,warm,Brown,Tan,8B5A2B,tan4,
151,105,79,111.6666666667,0.2925373134,59,22.5166604984,1.2062185045,115.79,Medium,warm,Brown,Tan,97694F,Dark Tan,
219,147,112,159.3333333333,0.2970711297,89.5,30.3108891325,1.2442512469,164.538,Light,warm,Brown,Tan,DB9370,Tan,
238,154,73,155,0.5290322581,124.5,70.1480577065,1.0576944433,169.882,Light,warm,Brown,Tan,EE9A49,tan2,
255,165,79,166.3333333333,0.5250501002,133,74.4781847255,1.0603183952,182.106,Light,warm,Brown,Tan,FFA54F,tan1,
210,180,140,176.6666666667,0.2075471698,50,34.6410161514,0.964905208,184.41,Light,warm,Brown,Tan,D2B48C,tan,
235,199,158,197.3333333333,0.1993243243,56.5,35.5070415552,1.0097248236,205.09,Light,warm,Brown,Tan,EBC79E,New Tan,
0,128,128,85.3333333333,1,-128,0,-1.5707963268,89.728,Dark,cold,Blue,Teal,8080,teal,
139,54,38,77,0.5064935065,93,13.8564064606,1.422890761,77.591,Dark,warm,Brown,tomato,8B3626,tomato4,
205,79,57,113.6666666667,0.4985337243,137,19.0525588833,1.4326128468,114.166,Medium,warm,Brown,tomato,CD4F39,tomato3,
238,92,66,132,0.5,159,22.5166604984,1.4301175509,132.69,Medium,warm,Brown,tomato,EE5C42,tomato2,
255,99,71,141.6666666667,0.4988235294,170,24.248711306,1.42911259,142.452,Medium,warm,Brown,tomato,FF6347,tomato,
65,86,197,116,0.4396551724,-76.5,-96.1288198201,-2.469413575,92.375,Dark,cold,Blue,Turquoise,4156C5,Free Speech Blue,
0,134,139,91,1,-136.5,-4.3301270189,-1.6025082345,94.504,Dark,cold,Blue,Turquoise,00868B,turquoise4,
102,139,139,126.6666666667,0.1947368421,-37,0,-1.5707963268,127.937,Medium,cold,Blue,Turquoise,668B8B,PaleTurquoise4,
0,197,205,134,1,-201,-6.9282032303,-1.6052513587,139.009,Medium,cold,Blue,Turquoise,00C5CD,turquoise3,
112,147,219,159.3333333333,0.2970711297,-71,-62.3538290725,-2.2914487981,144.743,Medium,cold,Blue,Turquoise,7093DB,Dark Turquoise,
0,206,209,138.3333333333,1,-207.5,-2.5980762114,-1.5833165218,144.748,Medium,cold,Blue,Turquoise,00CED1,DarkTurquoise,
0,229,238,155.6666666667,1,-233.5,-7.7942286341,-1.6041639316,161.555,Light,cold,Blue,Turquoise,00E5EE,turquoise2,
72,209,204,161.6666666667,0.5546391753,-134.5,4.3301270189,-1.5386131897,167.467,Light,cold,Blue,Turquoise,48D1CC,MediumTurquoise,
0,245,255,166.6666666667,1,-250,-8.6602540378,-1.6054234965,172.885,Light,cold,Blue,Turquoise,00F5FF,turquoise1,
64,224,208,165.3333333333,0.6129032258,-152,13.8564064606,-1.4798870286,174.336,Light,cold,Blue,Turquoise,40E0D0,turquoise,
112,219,219,183.3333333333,0.3890909091,-107,0,-1.5707963268,187.007,Light,cold,Blue,Turquoise,70DBDB,Medium Turquoise,
150,205,205,186.6666666667,0.1964285714,-55,0,-1.5707963268,188.555,Light,cold,Blue,Turquoise,96CDCD,PaleTurquoise3,
173,234,234,213.6666666667,0.1903276131,-61,0,-1.5707963268,215.761,Light,cold,Blue,Turquoise,ADEAEA,Turquoise,
174,238,238,216.6666666667,0.1969230769,-64,0,-1.5707963268,218.864,Light,cold,Blue,Turquoise,AEEEEE,PaleTurquoise2,
187,255,255,232.3333333333,0.1951219512,-68,0,-1.5707963268,234.668,Light,cold,Blue,Turquoise,BBFFFF,PaleTurquoise1,
139,126,102,122.3333333333,0.1662125341,25,20.7846096908,0.8772093511,127.151,Medium,warm,Brown,Wheat,8B7E66,wheat4,
205,186,150,180.3333333333,0.168207024,37,31.1769145362,0.870602769,187.577,Light,warm,Brown,Wheat,CDBA96,wheat3,
216,216,191,207.6666666667,0.0802568218,12.5,21.6506350946,0.5235987756,213.15,Light,warm,Brown,Wheat,D8D8BF,Wheat,
238,216,174,209.3333333333,0.1687898089,43,36.3730669589,0.8686959264,217.79,Light,warm,Brown,Wheat,EED8AE,wheat2,
245,222,179,215.3333333333,0.1687306502,44.5,37.2390923627,0.8739959098,223.975,Light,warm,Brown,Wheat,F5DEB3,wheat,
255,231,186,224,0.1696428571,46.5,38.9711431703,0.8732579249,233.046,Light,warm,Brown,Wheat,FFE7BA,wheat1,
255,255,255,255,0,0,0,#DIV/0!,255,Light,neutral,Grey,White,FFFFFF,grey100,
133,94,66,97.6666666667,0.3242320819,53,24.248711306,1.1417040318,102.469,Medium,warm,Brown,Wood,855E42,Dark Wood,
133,99,99,110.3333333333,0.1027190332,34,0,1.5707963268,109.166,Medium,warm,Brown,Wood,856363,Light Wood,
139,115,85,113,0.2477876106,39,25.9807621135,0.9831353019,118.756,Medium,warm,Brown,Wood,8B7355,burlywood4,
166,128,100,131.3333333333,0.2385786802,52,24.248711306,1.13445275,136.17,Medium,warm,Brown,Wood,A68064,Medium Wood,
205,170,125,166.6666666667,0.25,57.5,38.9711431703,0.9751536705,175.335,Light,warm,Brown,Wood,CDAA7D,burlywood3,
222,184,135,180.3333333333,0.2513863216,62.5,42.4352447854,0.9743284916,189.776,Light,warm,Brown,Wood,DEB887,burlywood,
238,197,145,193.3333333333,0.25,67,45.0333209968,0.9790146651,203.331,Light,warm,Brown,Wood,EEC591,burlywood2,
255,211,155,207,0.2512077295,72,48.4974226119,0.978026052,217.772,Light,warm,Brown,Wood,FFD39B,burlywood1,
139,139,0,92.6666666667,1,69.5,120.377531126,0.5235987756,123.154,Medium,warm,Green,Yellow,8B8B00,yellow4,
139,139,122,133.3333333333,0.085,8.5,14.7224318643,0.5235987756,137.062,Medium,warm,Brown,Yellow,8B8B7A,LightYellow4,
153,204,50,135.6666666667,0.6314496314,26,133.3679121828,0.1925345706,171.195,Light,warm,Green,Yellow,99CC32,Yellow Green,
154,205,50,136.3333333333,0.6332518337,26.5,134.2339375866,0.1949102376,172.081,Light,warm,Green,Yellow,9ACD32,YellowGreen,
205,205,180,196.6666666667,0.0847457627,12.5,21.6506350946,0.5235987756,202.15,Light,warm,Brown,Yellow,CDCDB4,LightYellow3,
173,255,47,158.3333333333,0.7031578947,22,180.1332839872,0.1215299188,206.77,Light,warm,Green,Yellow,ADFF2F,GreenYellow,
234,234,174,214,0.1869158879,30,51.9615242271,0.5235987756,227.16,Light,warm,Green,Yellow,EAEAAE,Medium Goldenrod,
238,238,209,228.3333333333,0.0846715328,14.5,25.1147367097,0.5235987756,234.694,Light,warm,Brown,Yellow,EEEED1,LightYellow2,
255,255,224,244.6666666667,0.0844686649,15.5,26.8467875173,0.5235987756,251.466,Light,warm,Brown,Yellow,FFFFE0,LightYellow,
139,99,108,115.3333333333,0.1416184971,35.5,-7.7942286341,1.7869228382,111.986,Medium,warm,Magenta,Ash browny,8B636C,pink4,
205,51,51,102.3333333333,0.5016286645,154,0,1.5707963268,97.046,Dark,warm,Red,Ash Brick,CD3333,brown3,
255,192,203,216.6666666667,0.1138461538,57.5,-9.5262794416,1.7349794249,212.091,Light,warm,Magenta,Ash Coral,FFC0CB,pink,
255,181,197,211,0.1421800948,66,-13.8564064606,1.7777363726,204.95,Light,warm,Magenta,Ash Coral,FFB5C5,pink1,
238,169,184,197,0.1421319797,61.5,-12.9903810568,1.7789621687,191.341,Light,warm,Magenta,Ash Coral,EEA9B8,pink2,
205,145,158,169.3333333333,0.1437007874,53.5,-11.2583302492,1.778206145,164.422,Light,warm,Magenta,Ash Coral,CD919E,pink3,
204,51,51,102,0.5,153,0,1.5707963268,96.747,Dark,warm,Red,Ash Brick,CC3333,c33,
255,48,48,117,0.5897435897,207,0,1.5707963268,109.893,Medium,warm,Red,Ash Poppy,FF3030,firebrick1,
238,44,44,108.6666666667,0.5950920245,194,0,1.5707963268,102.006,Medium,warm,Red,Ash Poppy,EE2C2C,firebrick2,
255,105,180,180,0.4166666667,112.5,-64.9519052838,2.0943951024,158.4,Light,warm,Magenta,Ash Fucsia,FF69B4,HotPink,
255,228,225,236,0.0466101695,28.5,2.5980762114,1.4798870286,235.731,Light,warm,Red,Ash Rose,FFE4E1,MistyRose,
238,213,210,220.3333333333,0.0468986384,26.5,2.5980762114,1.4730680367,220.133,Light,warm,Red,Ash Rose,EED5D2,MistyRose2,
205,183,181,189.6666666667,0.0456942004,23,1.7320508076,1.4956316439,189.35,Light,warm,Red,Ash Rose,CDB7B5,MistyRose3,
255,110,180,181.6666666667,0.3944954128,110,-60.6217782649,2.0744891021,161.335,Light,warm,Magenta,Ash Fucsia,FF6EB4,HotPink1,
238,106,167,170.3333333333,0.3776908023,101.5,-52.8275496309,2.0506843054,152.422,Light,warm,Magenta,Ash Fucsia,EE6AA7,HotPink2,
205,96,144,148.3333333333,0.3528089888,85,-41.5692193817,2.0256453345,134.063,Medium,warm,Magenta,Ash Fucsia,CD6090,HotPink3,
139,58,98,98.3333333333,0.4101694915,61,-34.6410161514,2.087267442,86.779,Dark,warm,Magenta,Ash Fucsia,8B3A62,HotPink4,
176,48,96,106.6666666667,0.55,104,-41.5692193817,1.9510475335,91.744,Dark,warm,Magenta,Ash Fucsia,B03060,maroon,
139,125,123,129,0.0465116279,15,1.7320508076,1.4558354063,128.958,Medium,warm,Red,Ash Rose,8B7D7B,MistyRose4,
139,28,98,88.3333333333,0.6830188679,76,-60.6217782649,2.2441057405,69.169,Dark,warm,Magenta,Ash Fucsia,8B1C62,maroon4,
139,102,139,126.6666666667,0.1947368421,18.5,-32.04293994,2.617993878,117.281,Medium,neutral,Magenta,Ash Lavender,8B668B,plum4,
79,47,79,68.3333333333,0.312195122,16,-27.7128129211,2.617993878,60.216,Dark,neutral,Magenta,Ash Lavender,4F2F4F,Violet,
255,193,193,213.6666666667,0.096723869,62,0,1.5707963268,211.538,Light,warm,Red,Ash Rose,FFC1C1,RosyBrown1,
238,180,180,199.3333333333,0.0969899666,58,0,1.5707963268,197.342,Light,warm,Red,Ash Rose,EEB4B4,RosyBrown2,
205,155,155,171.6666666667,0.0970873786,50,0,1.5707963268,169.95,Light,warm,Red,Ash Rose,CD9B9B,RosyBrown3,
139,105,105,116.3333333333,0.0974212034,34,0,1.5707963268,115.166,Medium,warm,Red,Ash Rose,8B6969,RosyBrown4,
139,69,0,69.3333333333,1,104.5,59.7557528611,1.0513511264,82.064,Dark,warm,Orange,Browny,8B4500,DarkOrange4,
255,127,80,154,0.4805194805,151.5,40.7031939779,1.3083264524,159.914,Light,warm,Red,Browny,FF7F50,coral,
139,71,137,115.6666666667,0.386167147,35,-57.1576766498,2.5921481299,98.856,Medium,warm,Magenta,Ash Lavender,8B4789,orchid4,
255,114,86,151.6666666667,0.432967033,155,24.248711306,1.4156108984,152.967,Light,warm,Red,Browny,FF7256,coral1,
159,95,159,137.6666666667,0.3099273608,32,-55.4256258422,2.617993878,121.432,Medium,neutral,Magenta,Ash Lavender,9F5F9F,violet blue,
230,230,250,236.6666666667,0.0281690141,-10,-17.3205080757,-2.617993878,232.28,Light,cold,Magenta,Ash Lavender,E6E6FA,lavender,
255,240,245,246.6666666667,0.027027027,12.5,-4.3301270189,1.904269499,245.055,Light,warm,Magenta,Ash Lavender,FFF0F5,LavenderBlush,
238,224,229,230.3333333333,0.0274963821,11.5,-4.3301270189,1.9309101303,228.756,Light,warm,Magenta,Ash Lavender,EEE0E5,LavenderBlush2,
205,193,197,198.3333333333,0.0268907563,10,-3.4641016151,1.904269499,197.044,Light,warm,Magenta,Ash Lavender,CDC1C5,LavenderBlush3,
139,131,134,134.6666666667,0.0272277228,6.5,-2.5980762114,1.9510475335,133.734,Medium,warm,Magenta,Ash Lavender,8B8386,LavenderBlush4,
238,106,80,141.3333333333,0.4339622642,145,22.5166604984,1.4167394659,142.504,Medium,warm,Red,Browny,EE6A50,coral2,
93,71,139,101,0.297029703,-12,-58.8897274573,-2.9405740798,85.33,Dark,cold,Magenta,Ash Lavender,5D478B,MediumPurple4,
99,86,136,107,0.1962616822,-12,-43.3012701892,-2.8712490164,95.587,Dark,cold,Magenta,Ash Lavender,635688,Free Speech Grey,
205,91,69,121.6666666667,0.4328767123,125,19.0525588833,1.419540015,122.578,Medium,warm,Red,Browny,CD5B45,coral3,
186,85,211,160.6666666667,0.4709543568,38,-109.1192008768,2.8064839296,129.563,Medium,cold,Magenta,Ash Pink,BA55D3,MediumOrchid,
224,102,255,193.6666666667,0.4733218589,45.5,-132.501886779,2.8108173732,155.92,Light,cold,Magenta,Ash Pink,E066FF,MediumOrchid1,
139,90,0,76.3333333333,1,94,77.9422863406,0.8785182048,94.391,Dark,warm,Orange,Browny,8B5A00,orange4,
209,95,238,180.6666666667,0.4741697417,42.5,-123.8416327412,2.8110062247,145.388,Medium,cold,Magenta,Ash Pink,D15FEE,MediumOrchid2,
180,82,205,155.6666666667,0.4732334047,36.5,-106.5211246655,2.8114761563,125.324,Medium,cold,Magenta,Ash Pink,B452CD,MediumOrchid3,
139,62,47,82.6666666667,0.4314516129,84.5,12.9903810568,1.418258202,83.313,Dark,warm,Red,Browny,8B3E2F,coral4,
139,58,58,85,0.3176470588,81,0,1.5707963268,82.219,Dark,warm,Red,Browny,8B3A3A,IndianRed4,
218,112,214,181.3333333333,0.3823529412,55,-88.334591186,2.5846975187,155.322,Light,warm,Magenta,Ash Pink,DA70D6,orchid,
139,37,0,58.6666666667,1,120.5,32.04293994,1.3108944157,63.28,Dark,warm,Red,Browny,8B2500,OrangeRed4,
219,112,219,183.3333333333,0.3890909091,53.5,-92.6647182049,2.617993878,156.191,Light,neutral,Magenta,Ash Pink,DB70DB,Orchid,
255,131,250,212,0.3820754717,64.5,-103.0570230503,2.5823700497,181.642,Light,warm,Magenta,Ash Pink,FF83FA,orchid1,
238,122,233,197.6666666667,0.3827993255,60.5,-96.1288198201,2.5798614724,169.338,Light,warm,Magenta,Ash Pink,EE7AE9,orchid2,
205,105,201,170.3333333333,0.3835616438,52,-83.1384387633,2.5826606135,145.844,Medium,warm,Magenta,Ash Pink,CD69C9,orchid3,
221,160,221,200.6666666667,0.2026578073,30.5,-52.8275496309,2.617993878,185.193,Light,neutral,Magenta,Ash Pink,DDA0DD,plum,
234,173,234,213.6666666667,0.1903276131,30.5,-52.8275496309,2.617993878,198.193,Light,neutral,Magenta,Ash Pink,EAADEA,Plum,
255,187,255,232.3333333333,0.1951219512,34,-58.8897274573,2.617993878,215.084,Light,neutral,Magenta,Ash Pink,FFBBFF,plum1,
238,220,130,196,0.3367346939,63,77.9422863406,0.6797756466,215.122,Light,warm,Yellow,Ash goldenrod,EEDC82,LightGoldenrod2,
238,174,238,216.6666666667,0.1969230769,32,-55.4256258422,2.617993878,200.432,Light,neutral,Magenta,Ash Pink,EEAEEE,plum2,
233,150,122,168.3333333333,0.2752475248,97,24.248711306,1.3258301677,171.625,Light,warm,Red,Browny,E9967A,DarkSalmon,
205,150,205,186.6666666667,0.1964285714,27.5,-47.6313972081,2.617993878,172.715,Light,neutral,Magenta,Ash Pink,CD96CD,plum3,
238,130,238,202,0.3564356436,54,-93.5307436087,2.617993878,174.604,Light,neutral,Magenta,Ash Pink,EE82EE,violet,
216,191,216,207.6666666667,0.0802568218,12.5,-21.6506350946,2.617993878,201.325,Light,neutral,Magenta,Ash thrstle,D8BFD8,Thistle,
255,225,255,245,0.0816326531,15,-25.9807621135,2.617993878,237.39,Light,neutral,Magenta,Ash thrstle,FFE1FF,thistle1,
238,221,130,196.3333333333,0.337860781,62.5,78.8083117444,0.6704970692,215.709,Light,warm,Yellow,Ash goldenrod,EEDD82,LightGoldenrod,
238,210,238,228.6666666667,0.0816326531,14,-24.248711306,2.617993878,221.564,Light,neutral,Magenta,Ash thrstle,EED2EE,thistle2,
205,181,205,197,0.0812182741,12,-20.7846096908,2.617993878,190.912,Light,neutral,Magenta,Ash thrstle,CDB5CD,thistle3,
139,123,139,133.6666666667,0.0798004988,8,-13.8564064606,2.617993878,129.608,Medium,neutral,Magenta,Ash thrstle,8B7B8B,thistle4,
209,146,117,157.3333333333,0.2563559322,77.5,25.1147367097,1.2574138478,161.531,Light,warm,Red,Browny,D19275,Feldspar,
245,204,176,208.3333333333,0.1552,55,24.248711306,1.1555476871,213.067,Light,warm,Red,Browny,F5CCB0,Indian Red,
238,230,133,200.3333333333,0.3361064892,56.5,84.0044641671,0.5920875588,221.334,Light,warm,Yellow,Ash goldenrod,EEE685,khaki2,
153,102,204,153,0.3333333333,0,-88.334591186,3.1415926536,128.877,Medium,cold,Magenta,Ash violet,9966CC,96c,
147,112,219,159.3333333333,0.2970711297,-18.5,-92.6647182049,-2.9445389579,134.663,Medium,cold,Magenta,Ash violet,9370DB,MediumPurple,
255,64,64,127.6666666667,0.498694517,191,0,1.5707963268,121.109,Medium,warm,Red,Coral,FF4040,brown1,
171,130,255,185.3333333333,0.2985611511,-21.5,-108.2531754731,-2.945535439,156.509,Light,cold,Magenta,Ash violet,AB82FF,MediumPurple1,
238,59,59,118.6666666667,0.5028089888,179,0,1.5707963268,112.521,Medium,warm,Red,Coral,EE3B3B,brown2,
205,38,38,93.6666666667,0.5943060498,167,0,1.5707963268,87.933,Dark,warm,Red,Fire Brick,CD2626,firebrick3,
159,121,238,172.6666666667,0.2992277992,-20.5,-101.3249722428,-2.9419679714,145.7,Medium,cold,Magenta,Ash violet,9F79EE,MediumPurple2,
137,104,205,148.6666666667,0.3004484305,-17.5,-87.4685657822,-2.9441279837,125.381,Medium,cold,Magenta,Ash violet,8968CD,MediumPurple3,
165,42,42,83,0.4939759036,123,0,1.5707963268,78.777,Dark,warm,Red,Fire Brick,A52A2A,brown,
166,42,42,83.3333333333,0.496,124,0,1.5707963268,79.076,Dark,warm,Red,Fire Brick,A62A2A,brown,
123,104,238,155,0.3290322581,-48,-116.0474041071,-2.749396837,124.957,Medium,cold,Magenta,Ash violet,7B68EE,MediumSlateBlue,
205,102,0,102.3333333333,1,154,88.334591186,1.0500138865,121.169,Medium,warm,Orange,Bronz,CD6600,DarkOrange3,
89,89,171,116.3333333333,0.2349570201,-41,-71.0140831103,-2.617993878,98.348,Medium,cold,Magenta,Bluash Fucsia,5959AB,Rich Blue,
106,90,205,133.6666666667,0.3266832918,-41.5,-99.5929214352,-2.7467763004,107.894,Medium,cold,Magenta,Bluash Fucsia,6A5ACD,SlateBlue,
178,34,34,82,0.5853658537,144,0,1.5707963268,77.056,Dark,warm,Red,Fire Brick,B22222,firebrick,
131,111,255,165.6666666667,0.3299798793,-52,-124.707658145,-2.7465386751,133.396,Medium,cold,Magenta,Bluash Fucsia,836FFF,SlateBlue1,
205,102,29,112,0.7410714286,139.5,63.2198544763,1.1452936584,124.475,Medium,warm,Orange,Bronz,CD661D,chocolate3,
122,103,238,154.3333333333,0.3326133909,-48.5,-116.9134295109,-2.7483616713,124.071,Medium,cold,Magenta,Bluash Fucsia,7A67EE,SlateBlue2,
105,89,205,133,0.3308270677,-42,-100.458946839,-2.7455968316,107.008,Medium,cold,Magenta,Bluash Fucsia,6959CD,SlateBlue3,
71,60,139,90,0.3333333333,-28.5,-68.416006899,-2.746884601,72.295,Dark,cold,Magenta,Bluash Fucsia,473C8B,SlateBlue4,
255,36,0,97,1,237,31.1769145362,1.4399991917,97.377,Medium,warm,Red,OrangeRed,FF2400,Orange Red,
240,230,140,203.3333333333,0.3114754098,55,77.9422863406,0.6145080738,222.73,Light,warm,Yellow,Ash goldenrod,F0E68C,khaki,
72,61,139,90.6666666667,0.3272058824,-28,-67.5499814952,-2.7486423775,73.181,Dark,cold,Magenta,Bluash Fucsia,483D8B,DarkSlateBlue,
210,105,30,115,0.7391304348,142.5,64.9519052838,1.1431272443,127.845,Medium,warm,Orange,Bronz,D2691E,chocolate,
255,69,0,108,1,220.5,59.7557528611,1.3061516055,116.748,Medium,warm,Red,OrangeRed,FF4500,OrangeRed,
132,112,255,166.3333333333,0.3266533066,-51.5,-123.8416327412,-2.7474944473,134.282,Medium,cold,Magenta,Bluash Fucsia,8470FF,LightSlateBlue,
255,62,150,155.6666666667,0.6017130621,149,-76.210235533,2.0435841877,129.739,Medium,warm,Magenta,Bright Fucsia,FF3E96,VioletRed1,
238,58,140,145.3333333333,0.6009174312,139,-71.0140831103,2.043120062,121.168,Medium,warm,Magenta,Bright Fucsia,EE3A8C,VioletRed2,
205,50,120,125,0.6,120,-60.6217782649,2.0385805271,104.325,Medium,warm,Magenta,Bright Fucsia,CD3278,VioletRed3,
205,16,118,113,0.8584070796,138,-88.334591186,2.1401845237,84.139,Dark,warm,Magenta,Bright Fucsia,CD1076,DeepPink3,
227,91,216,178,0.4887640449,73.5,-108.2531754731,2.5451248184,145.914,Medium,warm,Magenta,Bright Fucsia,E35BD8,Free Speech Magenta,
255,0,255,170,1,127.5,-220.836477965,2.617993878,105.315,Medium,neutral,Magenta,Bright Fucsia,FF00FF,magenta,
238,0,238,158.6666666667,1,119,-206.1140461007,2.617993878,98.294,Medium,neutral,Magenta,Bright Fucsia,EE00EE,magenta2,
238,232,170,213.3333333333,0.203125,37,53.6935750346,0.603369944,226.726,Light,warm,Yellow,Ash goldenrod,EEE8AA,PaleGoldenrod,
255,236,139,210,0.3380952381,67.5,84.0044641671,0.6768889032,230.623,Light,warm,Yellow,Ash goldenrod,FFEC8B,LightGoldenrod1,
205,200,177,194,0.087628866,16.5,19.918584287,0.6918031972,198.873,Light,warm,White,Ash Lavender,CDC8B1,cornsilk3,
205,205,193,201,0.039800995,6,10.3923048454,0.5235987756,203.632,Light,warm,White,Ash Lavender,CDCDC1,ivory3,
205,0,205,136.6666666667,1,102.5,-177.5352077758,2.617993878,84.665,Dark,neutral,Magenta,Bright Fucsia,CD00CD,magenta3,
205,201,201,202.3333333333,0.0065897858,4,0,1.5707963268,202.196,Light,warm,White,Ash Lavender,CDC9C9,snow3,
205,133,0,112.6666666667,1,138.5,115.1813787033,0.8770614768,139.366,Medium,warm,Orange,Bronz,CD8500,orange3,
238,118,0,118.6666666667,1,179,102.1909976466,1.0520491961,140.428,Medium,warm,Orange,Orange,EE7600,DarkOrange2,
238,64,0,100.6666666667,1,206,55.4256258422,1.3079641528,108.73,Medium,warm,Red,OrangeRed,EE4000,OrangeRed2,
205,55,0,86.6666666667,1,177.5,47.6313972081,1.3086268427,93.58,Dark,warm,Red,OrangeRed,CD3700,OrangeRed3,
238,118,33,129.6666666667,0.7455012853,162.5,73.6121593217,1.1454521405,144.19,Medium,warm,Orange,Orange,EE7621,chocolate2,
255,52,179,162,0.6790123457,139.5,-109.9852262806,2.238439113,127.175,Medium,warm,Magenta,Bright Fucsia,FF34B3,maroon1,
238,48,167,151,0.6821192053,130.5,-103.0570230503,2.2392306864,118.376,Medium,warm,Magenta,Bright Fucsia,EE30A7,maroon2,
205,41,144,130,0.6846153846,112.5,-89.2006165898,2.2411895249,101.778,Medium,warm,Magenta,Bright Fucsia,CD2990,maroon3,
199,21,133,117.6666666667,0.821529745,122,-96.9948452239,2.2425053781,86.99,Dark,warm,Magenta,Bright Fucsia,C71585,MediumVioletRed,
128,0,128,85.3333333333,1,64,-110.8512516844,2.617993878,52.864,Dark,neutral,Magenta,Bright Fucsia,800080,purple,
255,246,143,214.6666666667,0.3338509317,60.5,89.2006165898,0.5959765778,236.949,Light,warm,Yellow,Ash goldenrod,FFF68F,khaki1,
255,0,0,85,1,255,0,1.5707963268,76.245,Dark,warm,Red,Poppy,FF0000,red,
255,127,0,127.3333333333,1,191.5,109.9852262806,1.049461666,150.794,Medium,warm,Orange,Orange,FF7F00,DarkOrange1,
204,50,153,135.6666666667,0.6314496314,102.5,-89.2006165898,2.286929673,107.788,Medium,warm,Magenta,Bright Fucsia,CC3299,Violet Red,
238,0,0,79.3333333333,1,238,0,1.5707963268,71.162,Dark,warm,Red,Poppy,EE0000,red2,
255,127,36,139.3333333333,0.7416267943,173.5,78.8083117444,1.1444331376,154.898,Light,warm,Orange,Orange,FF7F24,chocolate1,
208,32,144,128,0.75,120,-96.9948452239,2.2505719734,97.392,Medium,warm,Magenta,Bright Fucsia,D02090,VioletRed,
238,201,0,146.3333333333,1,137.5,174.0711061607,0.668556355,189.149,Light,warm,Yellow,gold,EEC900,gold2,
142,35,35,70.6666666667,0.5047169811,107,0,1.5707963268,66.993,Dark,warm,Magenta,Browny,8E2323,Mandarian Orange,
128,0,0,42.6666666667,1,128,0,1.5707963268,38.272,Dark,warm,Magenta,Browny,800000,Maroon,
255,182,193,210,0.1333333333,67.5,-9.5262794416,1.7110004382,205.081,Light,warm,Magenta,Coral,FFB6C1,LightPink,
255,174,185,204.6666666667,0.1498371336,75.5,-9.5262794416,1.6963089494,199.473,Light,warm,Magenta,Coral,FFAEB9,LightPink1,
238,162,173,191,0.1518324607,70.5,-9.5262794416,1.7051073549,185.978,Light,warm,Magenta,Coral,EEA2AD,LightPink2,
255,140,0,131.6666666667,1,185,121.2435565298,0.9906549177,158.425,Light,warm,Orange,Orange,FF8C00,DarkOrange,
205,92,92,129.6666666667,0.2904884319,113,0,1.5707963268,125.787,Medium,warm,Red,Rose,CD5C5C,IndianRed,
205,140,149,164.6666666667,0.1497975709,60.5,-7.7942286341,1.6989208253,160.461,Light,warm,Magenta,Coral,CD8C95,LightPink3,
255,130,171,185.3333333333,0.2985611511,104.5,-35.5070415552,1.8983378878,172.049,Light,warm,Magenta,Coral,FF82AB,PaleVioletRed1,
238,121,159,172.6666666667,0.2992277992,98,-32.9089653438,1.8947704202,160.315,Light,warm,Magenta,Coral,EE799F,PaleVioletRed2,
255,106,106,155.6666666667,0.3190578158,149,0,1.5707963268,150.551,Medium,warm,Red,Rose,FF6A6A,IndianRed1,
238,99,99,145.3333333333,0.3188073394,139,0,1.5707963268,140.561,Medium,warm,Red,Rose,EE6363,IndianRed2,
238,154,0,130.6666666667,1,161,133.3679121828,0.8789931296,161.56,Light,warm,Orange,Sunny,EE9A00,orange2,
255,215,0,156.6666666667,1,147.5,186.1954618137,0.6699533681,202.45,Light,warm,Yellow,gold,FFD700,gold,
205,104,137,148.6666666667,0.3004484305,84.5,-28.5788383249,1.8969304325,137.961,Medium,warm,Magenta,Coral,CD6889,PaleVioletRed3,
219,112,147,159.3333333333,0.2970711297,89.5,-30.3108891325,1.8973414067,147.983,Medium,warm,Magenta,Coral,DB7093,Medium Violet Red,
184,134,11,109.6666666667,0.8996960486,111.5,106.5211246655,0.8082308595,134.928,Medium,warm,Yellow,Goldenrod,B8860B,DarkGoldenrod,
138,43,226,135.6666666667,0.683046683,3.5,-158.4826488926,3.1195118064,92.267,Dark,cold,Magenta,Fucsia,8A2BE2,BlueViolet,
205,85,85,125,0.32,120,0,1.5707963268,120.88,Medium,warm,Red,Rose,CD5555,IndianRed3,
240,128,128,165.3333333333,0.2258064516,112,0,1.5707963268,161.488,Light,warm,Red,Rose,F08080,LightCoral,
153,50,205,136,0.6323529412,25.5,-134.2339375866,2.9538626899,98.467,Medium,cold,Magenta,Fucsia,9932CD,Dark Orchid,
153,50,204,135.6666666667,0.6314496314,26,-133.3679121828,2.949058083,98.353,Medium,cold,Magenta,Fucsia,9932CC,DarkOrchid,
255,165,0,140,1,172.5,142.8941916244,0.8789931296,173.1,Light,warm,Orange,Sunny,FFA500,orange,
205,149,12,122,0.9016393443,124.5,118.6454803185,0.8094717701,150.126,Medium,warm,Yellow,Goldenrod,CD950C,DarkGoldenrod3,
191,62,255,169.3333333333,0.6338582677,32.5,-167.1429029304,2.9495446877,122.573,Medium,cold,Magenta,Fucsia,BF3EFF,DarkOrchid1,
205,155,29,129.6666666667,0.7763496144,113,109.1192008768,0.8028680818,155.586,Light,warm,Yellow,Goldenrod,CD9B1D,goldenrod3,
218,165,32,138.3333333333,0.7686746988,119.5,115.1813787033,0.8037981487,165.685,Light,warm,Yellow,Goldenrod,DAA520,goldenrod,
178,58,238,158,0.6329113924,30,-155.8845726812,2.9514670502,114.4,Medium,cold,Magenta,Fucsia,B23AEE,DarkOrchid2,
154,50,205,136.3333333333,0.6332518337,26.5,-134.2339375866,2.946682416,98.766,Medium,cold,Magenta,Fucsia,9A32CD,DarkOrchid3,
238,173,14,141.6666666667,0.9011764706,144.5,137.6980392017,0.8094969984,174.309,Light,warm,Yellow,Goldenrod,EEAD0E,DarkGoldenrod2,
104,34,139,92.3333333333,0.6317689531,17.5,-90.9326673974,2.9514670502,66.9,Dark,cold,Magenta,Fucsia,68228B,DarkOrchid4,
238,180,34,150.6666666667,0.7743362832,131,126.4397089525,0.8031103266,180.698,Light,warm,Yellow,Goldenrod,EEB422,goldenrod2,
255,185,15,151.6666666667,0.9010989011,155,147.2243186434,0.8111206678,186.55,Light,warm,Yellow,Goldenrod,FFB90F,DarkGoldenrod1,
139,35,35,69.6666666667,0.4976076555,104,0,1.5707963268,66.096,Dark,warm,Red,Velvet,8B2323,brown4,
148,0,211,119.6666666667,1,42.5,-182.7313601985,2.9130735091,68.306,Dark,cold,Magenta,Fucsia,9400D3,DarkViolet,
122,55,139,105.3333333333,0.4778481013,25,-72.7461339179,2.8105762861,84.609,Dark,cold,Magenta,Fucsia,7A378B,MediumOrchid4,
255,193,37,161.6666666667,0.7711340206,140,135.0999629904,0.8032081218,193.754,Light,warm,Yellow,Goldenrod,FFC125,goldenrod1,
160,32,240,144,0.7777777778,24,-180.1332839872,3.0091380551,93.984,Dark,cold,Magenta,Fucsia,A020F0,purple,
139,26,26,63.6666666667,0.5916230366,113,0,1.5707963268,59.787,Dark,warm,Red,Velvet,8B1A1A,firebrick4,
205,173,0,126,1,118.5,149.8223948547,0.6691899299,162.846,Light,warm,Yellow,Goldenrod,CDAD00,gold3,
155,48,255,152.6666666667,0.6855895197,3.5,-179.2672585834,3.1220712116,103.591,Medium,cold,Magenta,Fucsia,9B30FF,purple1,
139,131,120,130,0.0769230769,13.5,9.5262794416,0.956288253,132.138,Medium,warm,White,Bisque,8B8378,AntiqueWhite4,
145,44,238,142.3333333333,0.6908665105,4,-168.0089283342,3.117788892,96.315,Dark,cold,Magenta,Fucsia,912CEE,purple2,
125,38,205,122.6666666667,0.6902173913,3.5,-144.626242432,3.1173970656,83.051,Dark,cold,Magenta,Fucsia,7D26CD,purple3,
85,26,139,83.3333333333,0.688,2.5,-97.8608706276,3.1160517367,56.523,Dark,cold,Magenta,Fucsia,551A8B,purple4,
139,125,107,123.6666666667,0.1347708895,23,15.5884572681,0.9751536705,127.134,Medium,warm,White,Bisque,8B7D6B,bisque4,
238,238,0,158.6666666667,1,119,206.1140461007,0.5235987756,210.868,Light,warm,Yellow,Lemon,EEEE00,yellow2,
255,250,240,248.3333333333,0.033557047,10,8.6602540378,0.8570719479,250.355,Light,warm,White,ivory,FFFAF0,FloralWhite,
127,0,255,127.3333333333,1,-0.5,-220.836477965,-3.1393285388,67.043,Dark,cold,Magenta,Fucsia,7F00FF,Medium Slate Blue,
255,20,147,140.6666666667,0.8578199052,171.5,-109.9852262806,2.1410406259,104.743,Medium,warm,Magenta,Pink,FF1493,DeepPink,
255,255,0,170,1,127.5,220.836477965,0.5235987756,225.93,Light,warm,Yellow,Lemon,FFFF00,yellow,
192,0,0,64,1,192,0,1.5707963268,57.408,Dark,warm,Red,Velvet,C00000,Free Speech Red,
238,18,137,131,0.8625954198,160.5,-103.0570230503,2.1415977631,97.346,Medium,warm,Magenta,Pink,EE1289,DeepPink2,
205,0,0,68.3333333333,1,205,0,1.5707963268,61.295,Dark,warm,Red,Velvet,CD0000,red3,
255,110,199,188,0.414893617,100.5,-77.0762609368,2.2250436019,163.501,Light,warm,Magenta,Pink,FF6EC7,Neon Pink,
238,233,191,220.6666666667,0.1344410876,26,36.3730669589,0.6205996191,229.707,Light,warm,Yellow,LemonChiffon,EEE9BF,LemonChiffon2,
139,137,112,129.3333333333,0.1340206186,14.5,21.6506350946,0.5901178296,134.748,Medium,warm,Yellow,LemonChiffon,8B8970,LemonChiffon4,
139,0,0,46.3333333333,1,139,0,1.5707963268,41.561,Dark,warm,Red,Velvet,8B0000,red4,
205,201,165,190.3333333333,0.1330998249,22,31.1769145362,0.6145080738,198.092,Light,warm,Yellow,LemonChiffon,CDC9A5,LemonChiffon3,
255,28,174,152.3333333333,0.8161925602,154,-126.4397089525,2.2582337708,112.517,Medium,warm,Magenta,Pink,FF1CAE,Spicy Pink,
250,250,210,236.6666666667,0.1126760563,20,34.6410161514,0.5235987756,245.44,Light,warm,Yellow,Pale goldenrod,FAFAD2,LightGoldenrodYellow,
255,250,205,236.6666666667,0.1338028169,27.5,38.9711431703,0.6145080738,246.365,Light,warm,Yellow,Pale goldenrod,FFFACD,LemonChiffon,
205,205,0,136.6666666667,1,102.5,177.5352077758,0.5235987756,181.63,Light,warm,Yellow,Tabaco,CDCD00,yellow3,
139,34,82,85,0.6,81,-41.5692193817,2.0449482749,70.867,Dark,warm,Magenta,Purple,8B2252,VioletRed4,
205,190,112,169,0.3372781065,54,67.5499814952,0.674379902,185.593,Light,warm,Yellow,Tabaco,CDBE70,LightGoldenrod3,
139,101,8,82.6666666667,0.9032258065,84.5,80.540362552,0.8093854954,101.76,Medium,warm,Yellow,Tabaco,8B6508,DarkGoldenrod4,
248,248,255,250.3333333333,0.0093209055,-3.5,-6.0621778265,-2.617993878,248.798,Light,cold,White,ivory,F8F8FF,GhostWhite,
139,0,139,92.6666666667,1,69.5,-120.377531126,2.617993878,57.407,Dark,neutral,Magenta,Purple,8B008B,magenta4,
255,255,240,250,0.04,7.5,12.9903810568,0.5235987756,253.29,Light,warm,White,ivory,FFFFF0,ivory,
140,23,23,62,0.6290322581,117,0,1.5707963268,57.983,Dark,warm,Red,Velvet,8C1717,Scarlet,
238,238,224,233.3333333333,0.04,7,12.124355653,0.5235987756,236.404,Light,warm,White,ivory,EEEEE0,ivory2,
139,105,20,88,0.7727272727,76.5,73.6121593217,0.8046336771,105.476,Medium,warm,Yellow,Tabaco,8B6914,goldenrod4,
135,31,120,95.3333333333,0.6748251748,59.5,-77.0762609368,2.4841829367,72.242,Dark,warm,Magenta,Purple,871F78,Dark Purple,
245,255,250,250,0.02,-7.5,4.3301270189,-1.0471975512,251.44,Light,cold,White,ivory,F5FFFA,MintCream,
255,250,250,251.6666666667,0.0066225166,5,0,1.5707963268,251.495,Light,warm,White,ivory,FFFAFA,snow,
139,136,120,131.6666666667,0.0886075949,11,13.8564064606,0.670983737,135.073,Medium,warm,White,Lavender,8B8878,cornsilk4,
139,10,80,76.3333333333,0.8689956332,94,-60.6217782649,2.1435868038,56.551,Dark,warm,Magenta,Purple,8B0A50,DeepPink4,
139,117,0,85.3333333333,1,80.5,101.3249722428,0.6713619966,110.24,Medium,warm,Yellow,Tabaco,8B7500,gold4,
139,129,76,114.6666666667,0.3372093023,36.5,45.8993464006,0.6718184601,125.948,Medium,warm,Yellow,Tabaco,8B814C,LightGoldenrod4,
139,139,131,136.3333333333,0.0391198044,4,6.9282032303,0.5235987756,138.088,Medium,warm,White,Lavender,8B8B83,ivory4,
139,137,137,137.6666666667,0.004842615,2,0,1.5707963268,137.598,Medium,warm,White,Lavender,8B8989,snow4,
255,248,220,241,0.0871369295,21,24.248711306,0.7137243789,246.901,Light,warm,White,linen,FFF8DC,cornsilk,
238,233,233,234.6666666667,0.0071022727,5,0,1.5707963268,234.495,Light,warm,White,linen,EEE9E9,snow2,
245,245,220,236.6666666667,0.0704225352,12.5,21.6506350946,0.5235987756,242.15,Light,warm,White,linen,F5F5DC,beige,
250,240,230,240,0.0416666667,15,8.6602540378,1.0471975512,241.85,Light,warm,White,linen,FAF0E6,linen,
